nominalSnpCount,encodedPositions,individual,scale,weightZeroPoint,scoreOffset,equation1PRS,decodedBioethPRS,absoluteError,referenceEncodedScore,contractEncodedScore,encodedAgrees,decodedAgrees
100,101,0,3000000,28602,747156,0.003843,0.003843000000,0,758685,758685,true,true
100,101,1,3000000,28602,747156,0.005034,0.005034000000,0,762258,762258,true,true
100,101,2,3000000,28602,747156,0.049219,0.049219000000,0,894813,894813,true,true
100,101,3,3000000,28602,747156,0.005181,0.005181000000,0,762699,762699,true,true
100,101,4,3000000,28602,747156,-0.001829,-0.001829000000,0,741669,741669,true,true
100,101,5,3000000,28602,747156,0.012413,0.012413000000,0,784395,784395,true,true
100,101,6,3000000,28602,747156,0.048532,0.048532000000,0,892752,892752,true,true
100,101,7,3000000,28602,747156,0.045043,0.045043000000,0,882285,882285,true,true
100,101,8,3000000,28602,747156,-0.002464,-0.002464000000,0,739764,739764,true,true
100,101,9,3000000,28602,747156,-0.013107,-0.013107000000,0,707835,707835,true,true
100,101,10,3000000,28602,747156,0.052692,0.052692000000,0,905232,905232,true,true
100,101,11,3000000,28602,747156,-0.006992,-0.006992000000,0,726180,726180,true,true
100,101,12,3000000,28602,747156,-0.002356,-0.002356000000,0,740088,740088,true,true
100,101,13,3000000,28602,747156,-0.019872,-0.019872000000,0,687540,687540,true,true
100,101,14,3000000,28602,747156,0.065685,0.065685000000,0,944211,944211,true,true
100,101,15,3000000,28602,747156,-0.025202,-0.025202000000,0,671550,671550,true,true
100,101,16,3000000,28602,747156,-0.001184,-0.001184000000,0,743604,743604,true,true
100,101,17,3000000,28602,747156,0.012359,0.012359000000,0,784233,784233,true,true
100,101,18,3000000,28602,747156,-0.002588,-0.002588000000,0,739392,739392,true,true
100,101,19,3000000,28602,747156,-0.034027,-0.034027000000,0,645075,645075,true,true
100,101,20,3000000,28602,747156,-0.001136,-0.001136000000,0,743748,743748,true,true
100,101,21,3000000,28602,747156,-0.019479,-0.019479000000,0,688719,688719,true,true
100,101,22,3000000,28602,747156,0.043582,0.043582000000,0,877902,877902,true,true
100,101,23,3000000,28602,747156,-0.005644,-0.005644000000,0,730224,730224,true,true
100,101,24,3000000,28602,747156,-0.002779,-0.002779000000,0,738819,738819,true,true
100,101,25,3000000,28602,747156,-0.019659,-0.019659000000,0,688179,688179,true,true
100,101,26,3000000,28602,747156,-0.002637,-0.002637000000,0,739245,739245,true,true
100,101,27,3000000,28602,747156,0.060248,0.060248000000,0,927900,927900,true,true
100,101,28,3000000,28602,747156,0.016288,0.016288000000,0,796020,796020,true,true
100,101,29,3000000,28602,747156,0.002998,0.002998000000,0,756150,756150,true,true
100,101,30,3000000,28602,747156,0.016243,0.016243000000,0,795885,795885,true,true
100,101,31,3000000,28602,747156,-0.005906,-0.005906000000,0,729438,729438,true,true
100,101,32,3000000,28602,747156,-0.019818,-0.019818000000,0,687702,687702,true,true
100,101,33,3000000,28602,747156,0.010578,0.010578000000,0,778890,778890,true,true
100,101,34,3000000,28602,747156,0.030838,0.030838000000,0,839670,839670,true,true
100,101,35,3000000,28602,747156,-0.060836,-0.060836000000,0,564648,564648,true,true
100,101,36,3000000,28602,747156,-0.000283,-0.000283000000,0,746307,746307,true,true
100,101,37,3000000,28602,747156,0.009167,0.009167000000,0,774657,774657,true,true
100,101,38,3000000,28602,747156,0.001342,0.001342000000,0,751182,751182,true,true
100,101,39,3000000,28602,747156,-0.012507,-0.012507000000,0,709635,709635,true,true
100,101,40,3000000,28602,747156,-0.016272,-0.016272000000,0,698340,698340,true,true
100,101,41,3000000,28602,747156,-0.000979,-0.000979000000,0,744219,744219,true,true
100,101,42,3000000,28602,747156,0.008098,0.008098000000,0,771450,771450,true,true
100,101,43,3000000,28602,747156,-0.031744,-0.031744000000,0,651924,651924,true,true
100,101,44,3000000,28602,747156,-0.013687,-0.013687000000,0,706095,706095,true,true
100,101,45,3000000,28602,747156,0.000266,0.000266000000,0,747954,747954,true,true
100,101,46,3000000,28602,747156,0.019539,0.019539000000,0,805773,805773,true,true
100,101,47,3000000,28602,747156,0.023610,0.023610000000,0,817986,817986,true,true
100,101,48,3000000,28602,747156,-0.000237,-0.000237000000,0,746445,746445,true,true
100,101,49,3000000,28602,747156,0.042591,0.042591000000,0,874929,874929,true,true
500,501,0,3000000,28602,3393756,0.154937,0.154937000000,0,3858567,3858567,true,true
500,501,1,3000000,28602,3393756,0.050716,0.050716000000,0,3545904,3545904,true,true
500,501,2,3000000,28602,3393756,0.185972,0.185972000000,0,3951672,3951672,true,true
500,501,3,3000000,28602,3393756,0.143740,0.143740000000,0,3824976,3824976,true,true
500,501,4,3000000,28602,3393756,0.058466,0.058466000000,0,3569154,3569154,true,true
500,501,5,3000000,28602,3393756,0.033774,0.033774000000,0,3495078,3495078,true,true
500,501,6,3000000,28602,3393756,0.157035,0.157035000000,0,3864861,3864861,true,true
500,501,7,3000000,28602,3393756,0.040311,0.040311000000,0,3514689,3514689,true,true
500,501,8,3000000,28602,3393756,-0.038617,-0.038617000000,0,3277905,3277905,true,true
500,501,9,3000000,28602,3393756,0.039541,0.039541000000,0,3512379,3512379,true,true
500,501,10,3000000,28602,3393756,0.118955,0.118955000000,0,3750621,3750621,true,true
500,501,11,3000000,28602,3393756,0.206054,0.206054000000,0,4011918,4011918,true,true
500,501,12,3000000,28602,3393756,0.071189,0.071189000000,0,3607323,3607323,true,true
500,501,13,3000000,28602,3393756,0.196527,0.196527000000,0,3983337,3983337,true,true
500,501,14,3000000,28602,3393756,0.063061,0.063061000000,0,3582939,3582939,true,true
500,501,15,3000000,28602,3393756,-0.049089,-0.049089000000,0,3246489,3246489,true,true
500,501,16,3000000,28602,3393756,0.047741,0.047741000000,0,3536979,3536979,true,true
500,501,17,3000000,28602,3393756,0.238180,0.238180000000,0,4108296,4108296,true,true
500,501,18,3000000,28602,3393756,-0.013487,-0.013487000000,0,3353295,3353295,true,true
500,501,19,3000000,28602,3393756,0.117372,0.117372000000,0,3745872,3745872,true,true
500,501,20,3000000,28602,3393756,0.165966,0.165966000000,0,3891654,3891654,true,true
500,501,21,3000000,28602,3393756,0.104960,0.104960000000,0,3708636,3708636,true,true
500,501,22,3000000,28602,3393756,0.151205,0.151205000000,0,3847371,3847371,true,true
500,501,23,3000000,28602,3393756,0.046901,0.046901000000,0,3534459,3534459,true,true
500,501,24,3000000,28602,3393756,0.174987,0.174987000000,0,3918717,3918717,true,true
500,501,25,3000000,28602,3393756,-0.022602,-0.022602000000,0,3325950,3325950,true,true
500,501,26,3000000,28602,3393756,0.014141,0.014141000000,0,3436179,3436179,true,true
500,501,27,3000000,28602,3393756,0.272752,0.272752000000,0,4212012,4212012,true,true
500,501,28,3000000,28602,3393756,0.234032,0.234032000000,0,4095852,4095852,true,true
500,501,29,3000000,28602,3393756,0.143256,0.143256000000,0,3823524,3823524,true,true
500,501,30,3000000,28602,3393756,0.115909,0.115909000000,0,3741483,3741483,true,true
500,501,31,3000000,28602,3393756,-0.014144,-0.014144000000,0,3351324,3351324,true,true
500,501,32,3000000,28602,3393756,0.070411,0.070411000000,0,3604989,3604989,true,true
500,501,33,3000000,28602,3393756,0.082382,0.082382000000,0,3640902,3640902,true,true
500,501,34,3000000,28602,3393756,-0.056899,-0.056899000000,0,3223059,3223059,true,true
500,501,35,3000000,28602,3393756,0.023968,0.023968000000,0,3465660,3465660,true,true
500,501,36,3000000,28602,3393756,0.072808,0.072808000000,0,3612180,3612180,true,true
500,501,37,3000000,28602,3393756,0.177683,0.177683000000,0,3926805,3926805,true,true
500,501,38,3000000,28602,3393756,0.286234,0.286234000000,0,4252458,4252458,true,true
500,501,39,3000000,28602,3393756,0.023311,0.023311000000,0,3463689,3463689,true,true
500,501,40,3000000,28602,3393756,0.033034,0.033034000000,0,3492858,3492858,true,true
500,501,41,3000000,28602,3393756,0.036544,0.036544000000,0,3503388,3503388,true,true
500,501,42,3000000,28602,3393756,0.089986,0.089986000000,0,3663714,3663714,true,true
500,501,43,3000000,28602,3393756,0.003824,0.003824000000,0,3405228,3405228,true,true
500,501,44,3000000,28602,3393756,0.042947,0.042947000000,0,3522597,3522597,true,true
500,501,45,3000000,28602,3393756,-0.018575,-0.018575000000,0,3338031,3338031,true,true
500,501,46,3000000,28602,3393756,0.225079,0.225079000000,0,4068993,4068993,true,true
500,501,47,3000000,28602,3393756,0.123987,0.123987000000,0,3765717,3765717,true,true
500,501,48,3000000,28602,3393756,0.127452,0.127452000000,0,3776112,3776112,true,true
500,501,49,3000000,28602,3393756,0.131348,0.131348000000,0,3787800,3787800,true,true
1000,1001,0,1000000,11604,2293040,0.121263,0.121263000000,0,2414303,2414303,true,true
1000,1001,1,1000000,11604,2293040,0.011337,0.011337000000,0,2304377,2304377,true,true
1000,1001,2,1000000,11604,2293040,0.135280,0.135280000000,0,2428320,2428320,true,true
1000,1001,3,1000000,11604,2293040,0.193441,0.193441000000,0,2486481,2486481,true,true
1000,1001,4,1000000,11604,2293040,-0.059322,-0.059322000000,0,2233718,2233718,true,true
1000,1001,5,1000000,11604,2293040,-0.102837,-0.102837000000,0,2190203,2190203,true,true
1000,1001,6,1000000,11604,2293040,0.249688,0.249688000000,0,2542728,2542728,true,true
1000,1001,7,1000000,11604,2293040,0.144002,0.144002000000,0,2437042,2437042,true,true
1000,1001,8,1000000,11604,2293040,-0.079780,-0.079780000000,0,2213260,2213260,true,true
1000,1001,9,1000000,11604,2293040,0.011652,0.011652000000,0,2304692,2304692,true,true
1000,1001,10,1000000,11604,2293040,0.240700,0.240700000000,0,2533740,2533740,true,true
1000,1001,11,1000000,11604,2293040,0.183795,0.183795000000,0,2476835,2476835,true,true
1000,1001,12,1000000,11604,2293040,0.025757,0.025757000000,0,2318797,2318797,true,true
1000,1001,13,1000000,11604,2293040,0.066206,0.066206000000,0,2359246,2359246,true,true
1000,1001,14,1000000,11604,2293040,-0.044275,-0.044275000000,0,2248765,2248765,true,true
1000,1001,15,1000000,11604,2293040,0.031228,0.031228000000,0,2324268,2324268,true,true
1000,1001,16,1000000,11604,2293040,0.174764,0.174764000000,0,2467804,2467804,true,true
1000,1001,17,1000000,11604,2293040,0.195095,0.195095000000,0,2488135,2488135,true,true
1000,1001,18,1000000,11604,2293040,0.069356,0.069356000000,0,2362396,2362396,true,true
1000,1001,19,1000000,11604,2293040,0.235253,0.235253000000,0,2528293,2528293,true,true
1000,1001,20,1000000,11604,2293040,0.091348,0.091348000000,0,2384388,2384388,true,true
1000,1001,21,1000000,11604,2293040,0.051768,0.051768000000,0,2344808,2344808,true,true
1000,1001,22,1000000,11604,2293040,0.127021,0.127021000000,0,2420061,2420061,true,true
1000,1001,23,1000000,11604,2293040,-0.023079,-0.023079000000,0,2269961,2269961,true,true
1000,1001,24,1000000,11604,2293040,0.113536,0.113536000000,0,2406576,2406576,true,true
1000,1001,25,1000000,11604,2293040,0.012235,0.012235000000,0,2305275,2305275,true,true
1000,1001,26,1000000,11604,2293040,0.187799,0.187799000000,0,2480839,2480839,true,true
1000,1001,27,1000000,11604,2293040,0.163397,0.163397000000,0,2456437,2456437,true,true
1000,1001,28,1000000,11604,2293040,0.209487,0.209487000000,0,2502527,2502527,true,true
1000,1001,29,1000000,11604,2293040,-0.014015,-0.014015000000,0,2279025,2279025,true,true
1000,1001,30,1000000,11604,2293040,0.162122,0.162122000000,0,2455162,2455162,true,true
1000,1001,31,1000000,11604,2293040,-0.013010,-0.013010000000,0,2280030,2280030,true,true
1000,1001,32,1000000,11604,2293040,0.048602,0.048602000000,0,2341642,2341642,true,true
1000,1001,33,1000000,11604,2293040,0.120194,0.120194000000,0,2413234,2413234,true,true
1000,1001,34,1000000,11604,2293040,-0.103094,-0.103094000000,0,2189946,2189946,true,true
1000,1001,35,1000000,11604,2293040,-0.036715,-0.036715000000,0,2256325,2256325,true,true
1000,1001,36,1000000,11604,2293040,0.213918,0.213918000000,0,2506958,2506958,true,true
1000,1001,37,1000000,11604,2293040,0.060756,0.060756000000,0,2353796,2353796,true,true
1000,1001,38,1000000,11604,2293040,0.202882,0.202882000000,0,2495922,2495922,true,true
1000,1001,39,1000000,11604,2293040,-0.180170,-0.180170000000,0,2112870,2112870,true,true
1000,1001,40,1000000,11604,2293040,-0.188945,-0.188945000000,0,2104095,2104095,true,true
1000,1001,41,1000000,11604,2293040,0.097431,0.097431000000,0,2390471,2390471,true,true
1000,1001,42,1000000,11604,2293040,0.121572,0.121572000000,0,2414612,2414612,true,true
1000,1001,43,1000000,11604,2293040,0.021259,0.021259000000,0,2314299,2314299,true,true
1000,1001,44,1000000,11604,2293040,0.047043,0.047043000000,0,2340083,2340083,true,true
1000,1001,45,1000000,11604,2293040,-0.073541,-0.073541000000,0,2219499,2219499,true,true
1000,1001,46,1000000,11604,2293040,0.184931,0.184931000000,0,2477971,2477971,true,true
1000,1001,47,1000000,11604,2293040,0.189177,0.189177000000,0,2482217,2482217,true,true
1000,1001,48,1000000,11604,2293040,0.213815,0.213815000000,0,2506855,2506855,true,true
1000,1001,49,1000000,11604,2293040,0.190797,0.190797000000,0,2483837,2483837,true,true
5000,5001,0,1000000,11604,11042232,-0.220403,-0.220403000000,0,10821829,10821829,true,true
5000,5001,1,1000000,11604,11042232,-0.324765,-0.324765000000,0,10717467,10717467,true,true
5000,5001,2,1000000,11604,11042232,0.087719,0.087719000000,0,11129951,11129951,true,true
5000,5001,3,1000000,11604,11042232,0.082955,0.082955000000,0,11125187,11125187,true,true
5000,5001,4,1000000,11604,11042232,0.241028,0.241028000000,0,11283260,11283260,true,true
5000,5001,5,1000000,11604,11042232,-0.231968,-0.231968000000,0,10810264,10810264,true,true
5000,5001,6,1000000,11604,11042232,0.030437,0.030437000000,0,11072669,11072669,true,true
5000,5001,7,1000000,11604,11042232,-0.452362,-0.452362000000,0,10589870,10589870,true,true
5000,5001,8,1000000,11604,11042232,-0.396144,-0.396144000000,0,10646088,10646088,true,true
5000,5001,9,1000000,11604,11042232,-0.229058,-0.229058000000,0,10813174,10813174,true,true
5000,5001,10,1000000,11604,11042232,-0.243018,-0.243018000000,0,10799214,10799214,true,true
5000,5001,11,1000000,11604,11042232,0.233587,0.233587000000,0,11275819,11275819,true,true
5000,5001,12,1000000,11604,11042232,0.121984,0.121984000000,0,11164216,11164216,true,true
5000,5001,13,1000000,11604,11042232,0.010005,0.010005000000,0,11052237,11052237,true,true
5000,5001,14,1000000,11604,11042232,-0.104660,-0.104660000000,0,10937572,10937572,true,true
5000,5001,15,1000000,11604,11042232,-0.154460,-0.154460000000,0,10887772,10887772,true,true
5000,5001,16,1000000,11604,11042232,0.340735,0.340735000000,0,11382967,11382967,true,true
5000,5001,17,1000000,11604,11042232,0.380714,0.380714000000,0,11422946,11422946,true,true
5000,5001,18,1000000,11604,11042232,0.128538,0.128538000000,0,11170770,11170770,true,true
5000,5001,19,1000000,11604,11042232,0.021041,0.021041000000,0,11063273,11063273,true,true
5000,5001,20,1000000,11604,11042232,-0.391192,-0.391192000000,0,10651040,10651040,true,true
5000,5001,21,1000000,11604,11042232,-0.271649,-0.271649000000,0,10770583,10770583,true,true
5000,5001,22,1000000,11604,11042232,0.072705,0.072705000000,0,11114937,11114937,true,true
5000,5001,23,1000000,11604,11042232,-0.343311,-0.343311000000,0,10698921,10698921,true,true
5000,5001,24,1000000,11604,11042232,0.008061,0.008061000000,0,11050293,11050293,true,true
5000,5001,25,1000000,11604,11042232,0.007730,0.007730000000,0,11049962,11049962,true,true
5000,5001,26,1000000,11604,11042232,0.141367,0.141367000000,0,11183599,11183599,true,true
5000,5001,27,1000000,11604,11042232,0.151346,0.151346000000,0,11193578,11193578,true,true
5000,5001,28,1000000,11604,11042232,0.294125,0.294125000000,0,11336357,11336357,true,true
5000,5001,29,1000000,11604,11042232,-0.116880,-0.116880000000,0,10925352,10925352,true,true
5000,5001,30,1000000,11604,11042232,0.017841,0.017841000000,0,11060073,11060073,true,true
5000,5001,31,1000000,11604,11042232,0.183794,0.183794000000,0,11226026,11226026,true,true
5000,5001,32,1000000,11604,11042232,0.201781,0.201781000000,0,11244013,11244013,true,true
5000,5001,33,1000000,11604,11042232,-0.067977,-0.067977000000,0,10974255,10974255,true,true
5000,5001,34,1000000,11604,11042232,-0.559245,-0.559245000000,0,10482987,10482987,true,true
5000,5001,35,1000000,11604,11042232,-0.268879,-0.268879000000,0,10773353,10773353,true,true
5000,5001,36,1000000,11604,11042232,0.150712,0.150712000000,0,11192944,11192944,true,true
5000,5001,37,1000000,11604,11042232,0.048697,0.048697000000,0,11090929,11090929,true,true
5000,5001,38,1000000,11604,11042232,0.116923,0.116923000000,0,11159155,11159155,true,true
5000,5001,39,1000000,11604,11042232,-0.182609,-0.182609000000,0,10859623,10859623,true,true
5000,5001,40,1000000,11604,11042232,-0.368228,-0.368228000000,0,10674004,10674004,true,true
5000,5001,41,1000000,11604,11042232,0.130339,0.130339000000,0,11172571,11172571,true,true
5000,5001,42,1000000,11604,11042232,0.314233,0.314233000000,0,11356465,11356465,true,true
5000,5001,43,1000000,11604,11042232,-0.090522,-0.090522000000,0,10951710,10951710,true,true
5000,5001,44,1000000,11604,11042232,-0.063441,-0.063441000000,0,10978791,10978791,true,true
5000,5001,45,1000000,11604,11042232,-0.258400,-0.258400000000,0,10783832,10783832,true,true
5000,5001,46,1000000,11604,11042232,0.421068,0.421068000000,0,11463300,11463300,true,true
5000,5001,47,1000000,11604,11042232,0.277074,0.277074000000,0,11319306,11319306,true,true
5000,5001,48,1000000,11604,11042232,0.471169,0.471169000000,0,11513401,11513401,true,true
5000,5001,49,1000000,11604,11042232,-0.182502,-0.182502000000,0,10859730,10859730,true,true
